X;time;peak;backend
[1, 16, 1, 1];0.003882761055137962;0.12859969945901367;mlir
[1, 16, 1, 1];0.00388147821649909;0.12864220199392734;tvm
[1, 16, 1, 4];0.003886250779032707;0.128484221207718;mlir
[1, 16, 1, 4];0.0038846012903377414;0.1285387784851639;tvm
[1, 16, 2, 1];0.003884093021042645;0.1285555989665425;mlir
[1, 16, 2, 1];0.0038971048779785633;0.12812637083067266;tvm
[1, 16, 2, 4];0.0038842008798383176;0.12855202915836048;mlir
[1, 16, 2, 4];0.0038898178609088063;0.12836639724957316;tvm
[1, 16, 4, 1];0.0038778569432906806;0.12876233240780385;mlir
[1, 16, 4, 1];0.0038954041083343327;0.12818231199520244;tvm
[1, 16, 4, 4];0.003877827723044902;0.1287633026590034;mlir
[1, 16, 4, 4];0.003894411027431488;0.12821499868523803;tvm
[1, 16, 8, 1];0.0038693029200658202;0.1290469924627692;mlir
[1, 16, 8, 1];0.003860064607579261;0.1293558412938175;tvm
[1, 16, 8, 4];0.0038690429646521807;0.12905566294397375;mlir
[1, 16, 8, 4];0.0038615617668256164;0.1293056889705977;tvm
[1, 16, 16, 1];0.0038674964453093708;0.12910726921740268;mlir
[1, 16, 16, 1];0.0038605210138484836;0.1293405483277346;tvm
[1, 16, 16, 4];0.0038680710131302476;0.1290880914716783;mlir
[1, 16, 16, 4];0.0038650708738714457;0.12918829202781457;tvm
[1, 16, 32, 1];0.003868489060550928;0.12907414159542543;mlir
[1, 16, 32, 1];0.0038584701833315194;0.12940929462639392;tvm
[1, 16, 32, 4];0.0038660280988551676;0.1291563051261234;mlir
[1, 16, 32, 4];0.0038596802623942494;0.12936872248898768;tvm
[1, 16, 64, 1];0.0038653555675409734;0.12917877696813254;mlir
[1, 16, 64, 1];0.0038612657808698714;0.12931560091919309;tvm
[1, 16, 64, 4];0.0038702715537510812;0.12901469517764463;mlir
[1, 16, 64, 4];0.0038574562058784068;0.12944331137213802;tvm
[1, 16, 128, 1];0.003938859736081213;0.12676813550580557;mlir
[1, 16, 128, 1];0.003850822104141116;0.129666313129589;tvm
[1, 16, 128, 4];0.003959756635595113;0.126099139596962;mlir
[1, 16, 128, 4];0.003853869275189936;0.12956378878141783;tvm
[1, 16, 256, 1];0.003939430636819452;0.1267497643174747;mlir
[1, 16, 256, 1];0.003853517526295036;0.12957561535784107;tvm
[1, 16, 256, 4];0.003951528749894351;0.12636170362552843;mlir
[1, 16, 256, 4];0.0038586391019634902;0.12940362950964293;tvm
[1, 16, 512, 1];0.0041146447183564305;0.12135237400553889;mlir
[1, 16, 512, 1];0.0039878126117400825;0.12521197793795671;tvm
[1, 16, 512, 4];0.004017438041046262;0.12428863859512475;mlir
[1, 16, 512, 4];0.004060088656842709;0.12298300528988891;tvm
[1, 32, 1, 1];0.002003299130592495;0.2492497985631459;mlir
[1, 32, 1, 1];0.0020000020158477128;0.2496607007419761;tvm
[1, 32, 1, 4];0.0020041843235958368;0.24913971179359343;mlir
[1, 32, 1, 4];0.0019974420429207385;0.24998067229614163;tvm
[1, 32, 2, 1];0.0020062613184563816;0.24888178831363966;mlir
[1, 32, 2, 1];0.0019995086186099797;0.2497223068280765;tvm
[1, 32, 2, 4];0.0020047958532813936;0.24906371586145726;mlir
[1, 32, 2, 4];0.0019974586612079293;0.2499785925281419;tvm
[1, 32, 4, 1];0.002005858172196895;0.24893180967776388;mlir
[1, 32, 4, 1];0.0020004887774121016;0.24959995297141535;tvm
[1, 32, 4, 4];0.0020059288071934134;0.2489230440139742;mlir
[1, 32, 4, 4];0.001999950152821839;0.24966717498302857;tvm
[1, 32, 8, 1];0.0019942132057622075;0.25038541682460635;mlir
[1, 32, 8, 1];0.0019981586665380746;0.24989101872826186;tvm
[1, 32, 8, 4];0.0019932076684199274;0.2505117317543392;mlir
[1, 32, 8, 4];0.001992159232031554;0.2506435714241119;tvm
[1, 32, 16, 1];0.001994532300159335;0.2503453590207669;mlir
[1, 32, 16, 1];0.0019898022583220154;0.2509404654023154;tvm
[1, 32, 16, 4];0.0019937091565225273;0.2504487192268472;mlir
[1, 32, 16, 4];0.0019875817524734885;0.2512208135039039;tvm
[1, 32, 32, 1];0.0019955102761741728;0.25022266771745894;mlir
[1, 32, 32, 1];0.0019888505921699107;0.25106054055932164;tvm
[1, 32, 32, 4];0.0019953376904595643;0.2502443105993259;mlir
[1, 32, 32, 4];0.0019878096354659647;0.2511920134871759;tvm
[1, 32, 64, 1];0.001995716040255502;0.25019686903853267;mlir
[1, 32, 64, 1];0.0019893084245268255;0.2510027598564425;tvm
[1, 32, 64, 4];0.0019926580134779215;0.25058083292998395;mlir
[1, 32, 64, 4];0.001990335702430457;0.2508732090532106;tvm
[1, 32, 128, 1];0.002016375830862671;0.24763335144137222;mlir
[1, 32, 128, 1];0.001988144707866013;0.2511496787866387;tvm
[1, 32, 128, 4];0.0020060934766661376;0.24890261125404378;mlir
[1, 32, 128, 4];0.0019889048126060516;0.25105369628405994;tvm
[1, 32, 256, 1];0.0020204174797981977;0.24713798497317385;mlir
[1, 32, 256, 1];0.0020064809068571776;0.24885455079859714;tvm
[1, 32, 256, 4];0.0020231185771990567;0.24680802716625738;mlir
[1, 32, 256, 4];0.001997047191252932;0.2500300979110234;tvm
[1, 32, 512, 1];0.002288369636517018;0.21819984708497134;mlir
[1, 32, 512, 1];0.0031892465194687247;0.15656422346588733;tvm
[1, 32, 512, 4];0.0021938106510788202;0.22760483203797013;mlir
[1, 32, 512, 4];0.0030798041843809187;0.1621278090646776;tvm
[1, 64, 1, 1];0.001574508409248665;0.31712876338347074;mlir
[1, 64, 1, 1];0.0015760361857246608;0.316821345400973;tvm
[1, 64, 1, 4];0.0015738196088932455;0.31726755845483595;mlir
[1, 64, 1, 4];0.0015652484144084156;0.31900489415325367;tvm
[1, 64, 2, 1];0.0015697738563176244;0.3180852469623963;mlir
[1, 64, 2, 1];0.0015660513890907168;0.31884132809448984;tvm
[1, 64, 2, 4];0.0015714321925770491;0.31774957081861005;mlir
[1, 64, 2, 4];0.0015656051109544933;0.3189322143036989;tvm
[1, 64, 4, 1];0.0015706955455243587;0.3178985935146406;mlir
[1, 64, 4, 1];0.0015655957395210862;0.31893412338656896;tvm
[1, 64, 4, 4];0.0015705543337389827;0.317927176434056;mlir
[1, 64, 4, 4];0.0015658418706152588;0.3188839908628249;tvm
[1, 64, 8, 1];0.0015692647139076144;0.31818844860058504;mlir
[1, 64, 8, 1];0.0015644395316485316;0.3191698334519476;tvm
[1, 64, 8, 4];0.0015685445396229625;0.31833454017310137;mlir
[1, 64, 8, 4];0.0015634087903890759;0.31938025923318597;tvm
[1, 64, 16, 1];0.0015684598474763334;0.31835172928737604;mlir
[1, 64, 16, 1];0.0015640095516573638;0.31925758012972416;tvm
[1, 64, 16, 4];0.0015695615438744426;0.31812827391867354;mlir
[1, 64, 16, 4];0.001564396923640743;0.31917852638054145;tvm
[1, 64, 32, 1];0.001570931519381702;0.3178508411101404;mlir
[1, 64, 32, 1];0.0015665876562707126;0.3187321837774138;tvm
[1, 64, 32, 4];0.001567730214446783;0.3184998924946435;mlir
[1, 64, 32, 4];0.0015644773957319558;0.3191621087809276;tvm
[1, 64, 64, 1];0.0015748035802971572;0.3170693228089343;mlir
[1, 64, 64, 1];0.0015659730415791273;0.31885728010897846;tvm
[1, 64, 64, 4];0.0015765097341500223;0.31672617932239727;mlir
[1, 64, 64, 4];0.001566113467561081;0.318828689685877;tvm
[1, 64, 128, 1];0.0015853781660553068;0.31495444774813786;mlir
[1, 64, 128, 1];0.0016030878177843988;0.31147507904589367;tvm
[1, 64, 128, 4];0.0015858183323871344;0.3148670276817111;mlir
[1, 64, 128, 4];0.0015968121588230133;0.3126992126174362;tvm
[1, 64, 256, 1];0.0015963421610649675;0.31279127804830525;mlir
[1, 64, 256, 1];0.001627018180442974;0.3068938692657748;tvm
[1, 64, 256, 4];0.0016054142033681273;0.31102372441600257;mlir
[1, 64, 256, 4];0.0015925827901810408;0.31352963741693024;tvm
[1, 128, 1, 1];0.001487726767663844;0.33562742542166046;mlir
[1, 128, 1, 1];0.0014773466682527214;0.3379856031708927;tvm
[1, 128, 1, 4];0.0014873319450998679;0.33571652004581765;mlir
[1, 128, 1, 4];0.0014782792422920465;0.3377723845920442;tvm
[1, 128, 2, 1];0.0014840162330074236;0.3364666057257387;mlir
[1, 128, 2, 1];0.0014787711115786806;0.3376600346410929;tvm
[1, 128, 2, 4];0.001482059233239852;0.33691089638189653;mlir
[1, 128, 2, 4];0.001478128499002196;0.33780683147572743;tvm
[1, 128, 4, 1];0.0014830435247858986;0.33668728962893385;mlir
[1, 128, 4, 1];0.0014794234302826226;0.3375111509938142;tvm
[1, 128, 4, 4];0.0014835819602012634;0.3365650959345492;mlir
[1, 128, 4, 4];0.0014793717273278162;0.33752294676053335;tvm
[1, 128, 8, 1];0.001483005762565881;0.3366958627982559;mlir
[1, 128, 8, 1];0.0014906731084920466;0.33496405208987434;tvm
[1, 128, 8, 4];0.0014840410149190575;0.3364609870901302;mlir
[1, 128, 8, 4];0.0014881574898026884;0.33553028371218213;tvm
[1, 128, 16, 1];0.0014808718842687085;0.3371810283294577;mlir
[1, 128, 16, 1];0.0014780576166231185;0.33782303148824;tvm
[1, 128, 16, 4];0.001481445477111265;0.33705047703514157;mlir
[1, 128, 16, 4];0.0014776400639675558;0.33791849377797345;tvm
[1, 128, 32, 1];0.0014767130924155936;0.3381306140823324;mlir
[1, 128, 32, 1];0.0014781950012547895;0.3377916339441328;tvm
[1, 128, 32, 4];0.001485486514866352;0.3361335830146047;mlir
[1, 128, 32, 4];0.0014792949077673256;0.3375404742760338;tvm
[1, 128, 64, 1];0.00147965106589254;0.3374592268892186;mlir
[1, 128, 64, 1];0.0014808260166319087;0.33719147229570995;tvm
[1, 128, 64, 4];0.0015054297400638461;0.33168064338939407;mlir
[1, 128, 64, 4];0.0014861407689750195;0.3359856045846071;tvm
[1, 128, 128, 1];0.0014938362583052367;0.33425477657664265;mlir
[1, 128, 128, 1];0.0015147129161050543;0.32964788208571255;tvm
[1, 128, 128, 4];0.0014968715258874;0.3335769945025099;mlir
[1, 128, 128, 4];0.0015006650646682829;0.33273374353675533;tvm
[1, 256, 1, 1];0.0014546901657013223;0.3432496599859642;mlir
[1, 256, 1, 1];0.0014544295554514974;0.3433111647727075;tvm
[1, 256, 1, 4];0.0014545148151228204;0.3432910408133186;mlir
[1, 256, 1, 4];0.0014523413410643116;0.34380478654968905;tvm
[1, 256, 2, 1];0.0014052893093321472;0.35531609145963233;mlir
[1, 256, 2, 1];0.0014033636543899775;0.3558036459045628;tvm
[1, 256, 2, 4];0.0014045596326468512;0.3555006801818356;mlir
[1, 256, 2, 4];0.0014023175608599558;0.3560690664500422;tvm
[1, 256, 4, 1];0.0014060614194022492;0.3551209768447943;mlir
[1, 256, 4, 1];0.0014016548229847103;0.35623742491652777;tvm
[1, 256, 4, 4];0.0014062847767490894;0.35506457370333483;mlir
[1, 256, 4, 4];0.0014020362723385915;0.3561405040748608;tvm
[1, 256, 8, 1];0.0014039489178685471;0.3556553222178249;mlir
[1, 256, 8, 1];0.0014015694614499807;0.3562591212891696;tvm
[1, 256, 8, 4];0.0014039101224625483;0.355665150334597;mlir
[1, 256, 8, 4];0.0014021113893250003;0.35612142413470205;tvm
[1, 256, 16, 1];0.001401928486302495;0.35616788562363644;mlir
[1, 256, 16, 1];0.0013973007880849764;0.357347472369377;tvm
[1, 256, 16, 4];0.0014239950687624514;0.3506486193072631;mlir
[1, 256, 16, 4];0.0013981753290863708;0.3571239560407518;tvm
[1, 256, 32, 1];0.0014109339681454003;0.3538945946692584;mlir
[1, 256, 32, 1];0.001420613785739988;0.3514832178696699;tvm
[1, 256, 32, 4];0.0014085358270676807;0.35449712756075474;mlir
[1, 256, 32, 4];0.001410324955941178;0.35404741485885655;tvm
[1, 256, 64, 1];0.0014183136663632467;0.35205322814256984;mlir
[1, 256, 64, 1];0.0014062894770177081;0.3550633869641174;tvm
[1, 256, 64, 4];0.0014092842757236212;0.3543088597263454;mlir
[1, 256, 64, 4];0.0014126571040833369;0.3534629198540797;tvm
[2, 16, 1, 1];0.001999904081458226;0.24967292651246817;mlir
[2, 16, 1, 1];0.0019897522579412907;0.250946771272184;tvm
[2, 16, 1, 4];0.002001807530177757;0.24943552126490692;mlir
[2, 16, 1, 4];0.00198965790332295;0.250958671803822;tvm
[2, 16, 2, 1];0.0020017413480672985;0.24944376816915187;mlir
[2, 16, 2, 1];0.0019926854874938726;0.25057737806375235;tvm
[2, 16, 2, 4];0.001998317602556199;0.24987114366764546;mlir
[2, 16, 2, 4];0.001989297568798065;0.2510041295951492;tvm
[2, 16, 4, 1];0.0020076207583770156;0.24871326054905038;mlir
[2, 16, 4, 1];0.00199355959193781;0.2504675088626502;tvm
[2, 16, 4, 4];0.0020035270135849714;0.24922144866340135;mlir
[2, 16, 4, 4];0.001989666052395478;0.2509576439527333;tvm
[2, 16, 8, 1];0.0019921880739275366;0.25063994273266943;mlir
[2, 16, 8, 1];0.0019890907569788396;0.25103022725836166;tvm
[2, 16, 8, 4];0.0019900551706086844;0.2509085738608848;mlir
[2, 16, 8, 4];0.0019750918145291507;0.2528094649012253;tvm
[2, 16, 16, 1];0.0020004475954920053;0.24960509132412326;mlir
[2, 16, 16, 1];0.00199418913689442;0.2503884388516458;tvm
[2, 16, 16, 4];0.001988413539947942;0.25111572353051737;mlir
[2, 16, 16, 4];0.0019755003158934414;0.25275718801192953;tvm
[2, 16, 32, 1];0.0019839353335555643;0.25168255049272764;mlir
[2, 16, 32, 1];0.001974120910745114;0.2529338005813637;tvm
[2, 16, 32, 4];0.001984837028430775;0.2515682132132893;mlir
[2, 16, 32, 4];0.0019827911746688187;0.2518277825426096;tvm
[2, 16, 64, 1];0.0019835619896184653;0.2517299219158502;mlir
[2, 16, 64, 1];0.001974253507796675;0.25291681275479294;tvm
[2, 16, 64, 4];0.0019871399563271552;0.2512766668356893;mlir
[2, 16, 64, 4];0.0019723676959984004;0.2531586305002583;tvm
[2, 16, 128, 1];0.0020089451572857797;0.24854929610747678;mlir
[2, 16, 128, 1];0.00332583743147552;0.15013418877193246;tvm
[2, 16, 128, 4];0.001985729264561087;0.25145517753764474;mlir
[2, 16, 128, 4];0.002001137094339356;0.24951908900911565;tvm
[2, 16, 256, 1];0.0020528679888229817;0.2432313755587336;mlir
[2, 16, 256, 1];0.0037126258830539882;0.13449292239248328;tvm
[2, 16, 256, 4];0.001997912157094106;0.2499218511629416;mlir
[2, 16, 256, 4];0.0020178368722554296;0.24745404924818803;tvm
[2, 16, 512, 1];0.004196934110950679;0.1189730149584835;mlir
[2, 16, 512, 1];0.0048103032750077546;0.10380258295899229;tvm
[2, 16, 512, 4];0.0025883409834932536;0.19291194937075656;mlir
[2, 16, 512, 4];0.002524659299524501;0.19777793576184635;tvm
[2, 32, 1, 1];0.0010673388169379905;0.4678194935272499;mlir
[2, 32, 1, 1];0.0010648173920344561;0.46892726254958406;tvm
[2, 32, 1, 4];0.001065873060724698;0.4684628246654538;mlir
[2, 32, 1, 4];0.0010638717067195103;0.46934409629294804;tvm
[2, 32, 2, 1];0.0010722169536165893;0.46569111137227526;mlir
[2, 32, 2, 1];0.0010635611979523674;0.4694811222177244;tvm
[2, 32, 2, 4];0.0010677788377506658;0.46762670986601823;mlir
[2, 32, 2, 4];0.0010609936725813895;0.47061723143650647;tvm
[2, 32, 4, 1];0.0010877314489334822;0.4590488812762457;mlir
[2, 32, 4, 1];0.0010837642621481791;0.46072925838334605;tvm
[2, 32, 4, 4];0.001071672362741083;0.4659277612466912;mlir
[2, 32, 4, 4];0.001067557037458755;0.46772386602453175;tvm
[2, 32, 8, 1];0.0010963008826365694;0.45546064284929805;mlir
[2, 32, 8, 1];0.0010931779397651553;0.4567617828705662;tvm
[2, 32, 8, 4];0.0010573710897006094;0.47222957921356246;mlir
[2, 32, 8, 4];0.001055280925356783;0.4731649106545611;tvm
[2, 32, 16, 1];0.001259049095096998;0.39658652447022863;mlir
[2, 32, 16, 1];0.0010598331282380968;0.47113256932437536;tvm
[2, 32, 16, 4];0.001057124842191115;0.4723395807508926;mlir
[2, 32, 16, 4];0.001057113244314678;0.4723447629166855;tvm
[2, 32, 32, 1];0.0012952155229868367;0.3855126007218023;mlir
[2, 32, 32, 1];0.0010589432204142213;0.47152849665215063;tvm
[2, 32, 32, 4];0.0010465789382578805;0.4770991336717214;mlir
[2, 32, 32, 4];0.0010593169572530314;0.4713621370290548;tvm
[2, 32, 64, 1];0.0013196700165281072;0.37836875772593553;mlir
[2, 32, 64, 1];0.0010623576381476596;0.4700130039376653;tvm
[2, 32, 64, 4];0.0010484098311280832;0.4762659505249366;mlir
[2, 32, 64, 4];0.0010694411757867783;0.466899831488682;tvm
[2, 32, 128, 1];0.0011880235833814368;0.42029629019711834;mlir
[2, 32, 128, 1];0.0019006672664545476;0.2627087410693015;tvm
[2, 32, 128, 4];0.001062946961610578;0.46975241737869206;mlir
[2, 32, 128, 4];0.0010907113610301167;0.4577947224188834;tvm
[2, 32, 256, 1];0.0014832499000476673;0.3366404438967823;mlir
[2, 32, 256, 1];0.002013388671912253;0.24800075202949493;tvm
[2, 32, 256, 4];0.0013754011306446046;0.3630372940931707;mlir
[2, 32, 256, 4];0.001250371104106307;0.3993389667452298;tvm
[2, 64, 1, 1];0.0008673502161400393;0.5756866090194022;mlir
[2, 64, 1, 1];0.000868623232236132;0.5748429079849501;tvm
[2, 64, 1, 4];0.0008690511313034222;0.5745598696972073;mlir
[2, 64, 1, 4];0.0008672186668263748;0.575773935527928;tvm
[2, 64, 2, 1];0.0008783689409028739;0.5684648915849104;mlir
[2, 64, 2, 1];0.0008715365402167663;0.5729213655662845;tvm
[2, 64, 2, 4];0.0008687698864378035;0.5747458706347;mlir
[2, 64, 2, 4];0.0008670429670019075;0.5758906118441605;tvm
[2, 64, 4, 1];0.000902494604815729;0.5532685758978649;mlir
[2, 64, 4, 1];0.0008928945171646774;0.5592171249381906;tvm
[2, 64, 4, 4];0.0008741387282498181;0.5712158592511242;mlir
[2, 64, 4, 4];0.00087277042621281;0.5721113935179946;tvm
[2, 64, 8, 1];0.0008586495387135074;0.5815200291262324;mlir
[2, 64, 8, 1];0.0008711335976840928;0.573186370138118;tvm
[2, 64, 8, 4];0.0008632669923827052;0.5784095872630612;mlir
[2, 64, 8, 4];0.0008681398467160761;0.5751629839946827;tvm
[2, 64, 16, 1];0.0008622978057246655;0.5790596954404635;mlir
[2, 64, 16, 1];0.0008666916255606338;0.5761240677027543;tvm
[2, 64, 16, 4];0.0008646941278129816;0.577454950486144;mlir
[2, 64, 16, 4];0.0008640197920612991;0.5779056328914277;tvm
[2, 64, 32, 1];0.000920684527955018;0.5423376733298382;mlir
[2, 64, 32, 1];0.0009197293547913432;0.542900911187275;tvm
[2, 64, 32, 4];0.0008633821998955682;0.5783324057668795;mlir
[2, 64, 32, 4];0.0008597767591709271;0.5807576204355596;tvm
[2, 64, 64, 1];0.0011145457392558455;0.4480048572033388;mlir
[2, 64, 64, 1];0.0009718496003188193;0.513785162434702;tvm
[2, 64, 64, 4];0.0008792286389507353;0.5679090541884437;mlir
[2, 64, 64, 4];0.0008686428627697751;0.5748299170613745;tvm
[2, 64, 128, 1];0.0009465210605412722;0.5275338559042367;mlir
[2, 64, 128, 1];0.0015749285521451384;0.31704416310301897;tvm
[2, 64, 128, 4];0.0009375407098559663;0.5325869047741033;mlir
[2, 64, 128, 4];0.0009313894261140376;0.5361043305432251;tvm
[2, 128, 1, 1];0.0008153889793902636;0.612372643465565;mlir
[2, 128, 1, 1];0.0008108140900731087;0.6158278585376857;tvm
[2, 128, 1, 4];0.0008168336644303054;0.6112895764526958;mlir
[2, 128, 1, 4];0.0008176362753147259;0.6106895203123234;tvm
[2, 128, 2, 1];0.0008017132349777967;0.6228185877157603;mlir
[2, 128, 2, 1];0.00080147672269959;0.6230023787591158;tvm
[2, 128, 2, 4];0.0008113126241369173;0.6154494456351995;mlir
[2, 128, 2, 4];0.0008118965342873707;0.6150068188185784;tvm
[2, 128, 4, 1];0.0007982459646882489;0.625523869647011;mlir
[2, 128, 4, 1];0.000827541618491523;0.6033798102772032;tvm
[2, 128, 4, 4];0.0008016902138479054;0.6228364724140625;mlir
[2, 128, 4, 4];0.0008074122742982581;0.6184224845923698;tvm
[2, 128, 8, 1];0.0007891618879511952;0.6327243020544661;mlir
[2, 128, 8, 1];0.000801082729594782;0.6233087873639227;tvm
[2, 128, 8, 4];0.0008088779432000592;0.6173019167595324;mlir
[2, 128, 8, 4];0.0007982502720551565;0.625520494313597;tvm
[2, 128, 16, 1];0.000786868724389933;0.6345682440854844;mlir
[2, 128, 16, 1];0.0008041608234634623;0.620922942517097;tvm
[2, 128, 16, 4];0.0007947773265186697;0.6282538367684241;mlir
[2, 128, 16, 4];0.0007934426248539239;0.6293106635830562;tvm
[2, 128, 32, 1];0.0007906652026576921;0.6315212849680442;mlir
[2, 128, 32, 1];0.0009350598847959191;0.5339999211610751;tvm
[2, 128, 32, 4];0.0007949266582727432;0.6281358155063721;mlir
[2, 128, 32, 4];0.000794994382886216;0.6280823053731821;tvm
[2, 128, 64, 1];0.0008187078346963972;0.6098902240835025;mlir
[2, 128, 64, 1];0.0010848452511709183;0.46027016684911143;tvm
[2, 128, 64, 4];0.0008051059412537143;0.6201940380471651;mlir
[2, 128, 64, 4];0.0008050156902754679;0.6202635685163379;tvm
[2, 256, 1, 1];0.001821223384467885;0.2741684018667451;mlir
[2, 256, 1, 1];0.0012854223314207047;0.3884496889127735;tvm
[2, 256, 1, 4];0.0012781330442521721;0.39066504618386966;mlir
[2, 256, 1, 4];0.0012852645304519683;0.388497381613975;tvm
[2, 256, 2, 1];0.001515666241175495;0.32944053987416716;mlir
[2, 256, 2, 1];0.0013886826345697045;0.35956516797419596;tvm
[2, 256, 2, 4];0.001576457725604996;0.3167366283610811;mlir
[2, 256, 2, 4];0.001494121752330102;0.3341909077912867;tvm
[2, 256, 4, 1];0.001481301267631352;0.33708328999160075;mlir
[2, 256, 4, 1];0.0015725001867394894;0.31753376500210595;tvm
[2, 256, 4, 4];0.0014796389441471547;0.33746199147908185;mlir
[2, 256, 4, 4];0.001405155548127368;0.3553499151231651;tvm
[2, 256, 8, 1];0.0015258171188179404;0.32724885479639426;mlir
[2, 256, 8, 1];0.0014644953334936872;0.3409515164317573;tvm
[2, 256, 8, 4];0.0015389998443424702;0.3244457149215876;mlir
[2, 256, 8, 4];0.0014274093409767374;0.3498098901470214;tvm
[2, 256, 16, 1];0.00153803413559217;0.324649429558764;mlir
[2, 256, 16, 1];0.0015765205316711217;0.31672401007846085;tvm
[2, 256, 16, 4];0.001486462788307108;0.3359128184638708;mlir
[2, 256, 16, 4];0.0014159559359541163;0.3526394374874708;tvm
[2, 256, 32, 1];0.0016793255927041173;0.29733477946815345;mlir
[2, 256, 32, 1];0.0016282243595924228;0.3066665240697511;tvm
[2, 256, 32, 4];0.0015168604004429653;0.3291811854380857;mlir
[2, 256, 32, 4];0.0014450352609856054;0.34554305922011597;tvm
[4, 16, 1, 1];0.001044483549776487;0.47805626509747956;mlir
[4, 16, 1, 1];0.0010420658509247005;0.47916540429649457;tvm
[4, 16, 1, 4];0.0010435657895868644;0.478476689964684;mlir
[4, 16, 1, 4];0.0010375050769653171;0.4812717699872968;tvm
[4, 16, 2, 1];0.0011080596159445122;0.4506272925904639;mlir
[4, 16, 2, 1];0.0011037869844585657;0.4523716186115696;tvm
[4, 16, 2, 4];0.001044829114107415;0.47789815388947066;mlir
[4, 16, 2, 4];0.0010362902976339683;0.4818359352605577;tvm
[4, 16, 4, 1];0.001162526401458308;0.4295144644762823;mlir
[4, 16, 4, 1];0.0011584165767999366;0.4310382937900066;tvm
[4, 16, 4, 4];0.001049803220666945;0.47563380920538917;mlir
[4, 16, 4, 4];0.0010385698114987463;0.4807783735224693;tvm
[4, 16, 8, 1];0.0012188161490485072;0.40967778869004173;mlir
[4, 16, 8, 1];0.0011986057652393356;0.4165856024079786;tvm
[4, 16, 8, 4];0.001040864532114938;0.4797184353542435;mlir
[4, 16, 8, 4];0.0010279989946866408;0.48572217224211417;tvm
[4, 16, 16, 1];0.001320759707596153;0.3780565850776103;mlir
[4, 16, 16, 1];0.0013133017346262932;0.3802034913964302;tvm
[4, 16, 16, 4];0.0010355879785493016;0.48216270862991034;mlir
[4, 16, 16, 4];0.0010307377960998565;0.48443154665644095;tvm
[4, 16, 32, 1];0.0010400580940768123;0.4800903984167522;mlir
[4, 16, 32, 1];0.0010290801874361932;0.48521185312671716;tvm
[4, 16, 32, 4];0.001033499327604659;0.48313713557916194;mlir
[4, 16, 32, 4];0.0010360337619204074;0.48195524423485425;tvm
[4, 16, 64, 1];0.0012589646939886734;0.3966131116671307;mlir
[4, 16, 64, 1];0.0026188795163761824;0.19066241942005435;tvm
[4, 16, 64, 4];0.0010409317474113777;0.47968745885946357;mlir
[4, 16, 64, 4];0.0010624907590681687;0.4699541153655047;tvm
[4, 16, 128, 1];0.0012771907931892201;0.39095326040917405;mlir
[4, 16, 128, 1];0.003315845620818436;0.15058659595818555;tvm
[4, 16, 128, 4];0.001037383932271041;0.48132797244004855;mlir
[4, 16, 128, 4];0.0010530906583881006;0.4741490210597683;tvm
[4, 16, 256, 1];0.001923711912240833;0.25956168467048185;mlir
[4, 16, 256, 1];0.0037670002202503383;0.1325515995665968;tvm
[4, 16, 256, 4];0.0010513379238545895;0.474939497027947;mlir
[4, 16, 256, 4];0.0012220377830090001;0.40859776326427;tvm
[4, 32, 1, 1];0.0007489182535209693;0.6667241750543392;mlir
[4, 32, 1, 1];0.0007343559263972566;0.6799453600266746;tvm
[4, 32, 1, 4];0.0007382315598079003;0.6763757226686926;mlir
[4, 32, 1, 4];0.0007351738095167093;0.6791889187267844;tvm
[4, 32, 2, 1];0.0007601110919495113;0.6569064838683752;mlir
[4, 32, 2, 1];0.0007507522968808189;0.6650954074152791;tvm
[4, 32, 2, 4];0.0007435393854393624;0.6715473511424712;mlir
[4, 32, 2, 4];0.0007188204253907315;0.694640673977074;tvm
[4, 32, 4, 1];0.00079728064883966;0.6262812291864903;mlir
[4, 32, 4, 1];0.0007842712075216696;0.6366699427099757;tvm
[4, 32, 4, 4];0.0007476732134819031;0.6678344171734735;mlir
[4, 32, 4, 4];0.0007391073522740044;0.6755742629614574;tvm
[4, 32, 8, 1];0.0008595792023697868;0.5808910957655987;mlir
[4, 32, 8, 1];0.0008277721208287403;0.6032117924701291;tvm
[4, 32, 8, 4];0.0007292362788575701;0.6847189576801475;mlir
[4, 32, 8, 4];0.0007312186280614696;0.6828626700685331;tvm
[4, 32, 16, 1];0.0007841883198125288;0.6367372379140698;mlir
[4, 32, 16, 1];0.0007466101596946828;0.6687853068676382;tvm
[4, 32, 16, 4];0.00070527772186324;0.7079791255035955;mlir
[4, 32, 16, 4];0.0007227088426589034;0.6909032729208898;tvm
[4, 32, 32, 1];0.000802916445536539;0.6218852628286111;mlir
[4, 32, 32, 1];0.0008082100830506533;0.6178120209502639;tvm
[4, 32, 32, 4];0.0007003848877502605;0.7129250123682712;mlir
[4, 32, 32, 4];0.0007285915926331654;0.6853248236880296;tvm
[4, 32, 64, 1];0.0009264094260288402;0.5389862092641966;mlir
[4, 32, 64, 1];0.0018579239258542657;0.26875261027295216;tvm
[4, 32, 64, 4];0.000737441579985898;0.6771002860612406;mlir
[4, 32, 64, 4];0.0008233501430368051;0.6064514702338302;tvm
[4, 32, 128, 1];0.0009812313364818692;0.5088727664896902;mlir
[4, 32, 128, 1];0.0019003951456397772;0.2627463587809816;tvm
[4, 32, 128, 4];0.0008160475990734994;0.6118784067605988;mlir
[4, 32, 128, 4];0.0008950119954533875;0.5578940922562301;tvm
[4, 64, 1, 1];0.0006189334890223108;0.8067456578422526;mlir
[4, 64, 1, 1];0.0006192610744619742;0.8063188941687076;tvm
[4, 64, 1, 4];0.0006224603566806763;0.8021746275129584;mlir
[4, 64, 1, 4];0.0006232722007553093;0.801129753832762;tvm
[4, 64, 2, 1];0.0006325522772385739;0.7893765033013709;mlir
[4, 64, 2, 1];0.0006231328443391249;0.8013089171883885;tvm
[4, 64, 2, 4];0.0006195465248310938;0.8059473901464208;mlir
[4, 64, 2, 4];0.0006162890058476478;0.8102073865087602;tvm
[4, 64, 4, 1];0.0006274397383094765;0.7958085442711005;mlir
[4, 64, 4, 1];0.0006158705582492985;0.8107578744814492;tvm
[4, 64, 4, 4];0.0006242621748242527;0.7998592977421352;mlir
[4, 64, 4, 4];0.0006057161881471984;0.8243496121331362;tvm
[4, 64, 8, 1];0.000601836210989859;0.8296641106733248;mlir
[4, 64, 8, 1];0.0006082017061999068;0.8209807694912733;tvm
[4, 64, 8, 4];0.0006122170525486581;0.81559620510933;mlir
[4, 64, 8, 4];0.0005985226889606565;0.8342572703951869;tvm
[4, 64, 16, 1];0.0006053209435776807;0.8248878715656514;mlir
[4, 64, 16, 1];0.0006091997274779715;0.8196357979821325;tvm
[4, 64, 16, 4];0.0006060943996999413;0.8238352062139226;mlir
[4, 64, 16, 4];0.0006054531622794457;0.8247077327699938;tvm
[4, 64, 32, 1];0.0006508095757453702;0.7672319575046709;mlir
[4, 64, 32, 1];0.0006614753365283832;0.7548609557878495;tvm
[4, 64, 32, 4];0.0006861942310933955;0.7276684678130787;mlir
[4, 64, 32, 4];0.0005999321074341424;0.8322973526078831;tvm
[4, 64, 64, 1];0.0007395688808173873;0.6751526703098211;mlir
[4, 64, 64, 1];0.0014982775610405952;0.3332639543871377;tvm
[4, 64, 64, 4];0.0008948592003434896;0.557989351364149;mlir
[4, 64, 64, 4];0.0007306972256628796;0.6833499392432016;tvm
[4, 128, 1, 1];0.0009761392138898373;0.5115273494363028;mlir
[4, 128, 1, 1];0.0009859415877144784;0.5064416705652798;tvm
[4, 128, 1, 4];0.0009962756739696488;0.501188494116656;mlir
[4, 128, 1, 4];0.000983752790489234;0.5075684761347259;tvm
[4, 128, 2, 1];0.0010772711102617905;0.46350626133523926;mlir
[4, 128, 2, 1];0.0009462911839364097;0.5276620064078067;tvm
[4, 128, 2, 4];0.0011290054535493255;0.4422670441423955;mlir
[4, 128, 2, 4];0.0010246355086565018;0.4873166121449507;tvm
[4, 128, 4, 1];0.0010923372028628364;0.4571133377616949;mlir
[4, 128, 4, 1];0.0010277058318024501;0.4858607291214501;tvm
[4, 128, 4, 4];0.0010889662808040157;0.45852834340585896;mlir
[4, 128, 4, 4];0.0010340085718780756;0.48289919285193506;tvm
[4, 128, 8, 1];0.0012012398365186527;0.4156721160771722;mlir
[4, 128, 8, 1];0.001207364082802087;0.4135636564598339;tvm
[4, 128, 8, 4];0.0012583206698764116;0.3968161031726091;mlir
[4, 128, 8, 4];0.0011825641558971256;0.4222366306909628;tvm
[4, 128, 16, 1];0.0012730286543956026;0.3922314733747831;mlir
[4, 128, 16, 1];0.0012050504301441833;0.41435768352214214;tvm
[4, 128, 16, 4];0.0012904656468890607;0.3869315746340287;mlir
[4, 128, 16, 4];0.0011874100746354088;0.4205134480732954;tvm
[4, 128, 32, 1];0.002086300344672054;0.23933366355283486;mlir
[4, 128, 32, 1];0.0013577794161392376;0.36774891328202336;tvm
[4, 128, 32, 4];0.0014665232156403363;0.34048005475582127;mlir
[4, 128, 32, 4];0.001169418843346648;0.42698294764341505;tvm
[4, 256, 1, 1];0.0017671285895630717;0.2825611603541334;mlir
[4, 256, 1, 1];0.0013543994864448905;0.3686666376938425;tvm
[4, 256, 1, 4];0.0013048787659499794;0.3826576980110392;mlir
[4, 256, 1, 4];0.0013537768099922687;0.36883620776807097;tvm
[4, 256, 2, 1];0.0014164277672534809;0.3525219685082234;mlir
[4, 256, 2, 1];0.0012930222292197868;0.3861665279050902;tvm
[4, 256, 2, 4];0.0014258429291658103;0.35019418657427653;mlir
[4, 256, 2, 4];0.0013632573827635497;0.3662711906607805;tvm
[4, 256, 4, 1];0.0013674852525582537;0.36513878583172077;mlir
[4, 256, 4, 1];0.0015105020138435066;0.330566858028457;tvm
[4, 256, 4, 4];0.0013345190236577764;0.37415870130746876;mlir
[4, 256, 4, 4];0.001365083604468964;0.36578118961156797;tvm
[4, 256, 8, 1];0.0014702053740620613;0.33962731572822225;mlir
[4, 256, 8, 1];0.001432632634532638;0.3485345040494604;tvm
[4, 256, 8, 4];0.0014668962685391307;0.3403934657623576;mlir
[4, 256, 8, 4];0.0014185296604409814;0.3519996223460562;tvm
[4, 256, 16, 1];0.0016334156680386513;0.30569187900681344;mlir
[4, 256, 16, 1];0.0015609601250616834;0.31988126842264686;tvm
[4, 256, 16, 4];0.0016600365925114602;0.3007896976574977;mlir
[4, 256, 16, 4];0.0014845994155621156;0.33633443441229294;tvm
[8, 16, 1, 1];0.0008076927770162001;0.6182077133418388;mlir
[8, 16, 1, 1];0.0008022209658520296;0.6224244017751154;tvm
[8, 16, 1, 4];0.0008093425567494705;0.6169475466201987;mlir
[8, 16, 1, 4];0.0008023349510040134;0.6223359759375696;tvm
[8, 16, 2, 1];0.0008836599008645862;0.565061178258016;mlir
[8, 16, 2, 1];0.0008692467526998371;0.5744305667073657;tvm
[8, 16, 2, 4];0.0008112406794680282;0.615504026609385;mlir
[8, 16, 2, 4];0.0008070101757766679;0.6187306179644595;tvm
[8, 16, 4, 1];0.0009730782330734655;0.5131364445228598;mlir
[8, 16, 4, 1];0.0009677940543042496;0.5159381818282289;tvm
[8, 16, 4, 4];0.0008073723583947867;0.6184530589512054;mlir
[8, 16, 4, 4];0.0008013284095795825;0.6231176865723185;tvm
[8, 16, 8, 1];0.001004446850856766;0.49711132484112686;mlir
[8, 16, 8, 1];0.000996024493360892;0.5013148854171644;tvm
[8, 16, 8, 4];0.0007927133556222543;0.629889607915024;mlir
[8, 16, 8, 4];0.0007936991896713153;0.629107237678651;tvm
[8, 16, 16, 1];0.0012225709506310523;0.4084195722989907;mlir
[8, 16, 16, 1];0.0010493620648048818;0.47583376749449063;tvm
[8, 16, 16, 4];0.0007710606514592655;0.6475779873047814;mlir
[8, 16, 16, 4];0.0007794320335960947;0.6406227653464083;tvm
[8, 16, 32, 1];0.0010904845403274521;0.4578899436868383;mlir
[8, 16, 32, 1];0.0018629386322572827;0.26802917504420803;tvm
[8, 16, 32, 4];0.0007785417474224232;0.6413553369681811;mlir
[8, 16, 32, 4];0.0008391788287553936;0.5950125142008899;tvm
[8, 16, 64, 1];0.0011194404505658895;0.4460459727978313;mlir
[8, 16, 64, 1];0.0025356622936669737;0.19691971837456532;tvm
[8, 16, 64, 4];0.0007735785184195265;0.6454702307169198;mlir
[8, 16, 64, 4];0.0008317650062963367;0.6003160760336305;tvm
[8, 16, 128, 1];0.0013292331714183092;0.37564658744494145;mlir
[8, 16, 128, 1];0.0032944045960903168;0.15156666104536232;tvm
[8, 16, 128, 4];0.0007758597494103014;0.6435723790819391;mlir
[8, 16, 128, 4];0.0008386533590964973;0.595385327377496;tvm
[8, 32, 1, 1];0.000644947933324147;0.7742049845610538;mlir
[8, 32, 1, 1];0.0006260024310904555;0.7976357278551115;tvm
[8, 32, 1, 4];0.0006255012849578634;0.7982747865906324;mlir
[8, 32, 1, 4];0.000626857734459918;0.7965474099033103;tvm
[8, 32, 2, 1];0.000636203789326828;0.7848458515002575;mlir
[8, 32, 2, 1];0.0006362247950164601;0.7848199389163802;tvm
[8, 32, 2, 4];0.0006341543776215985;0.7873822564067379;mlir
[8, 32, 2, 4];0.0006227906415006146;0.8017492099091088;tvm
[8, 32, 4, 1];0.000680259479850065;0.734016826743759;mlir
[8, 32, 4, 1];0.0006745623468304984;0.7402160928608317;tvm
[8, 32, 4, 4];0.0006375218581524678;0.7832231920783624;mlir
[8, 32, 4, 4];0.0006267588250921108;0.7966731137587454;tvm
[8, 32, 8, 1];0.0009499482839601114;0.5256306192589232;mlir
[8, 32, 8, 1];0.0006110836766310968;0.8171088900863227;tvm
[8, 32, 8, 4];0.0005914945504628122;0.8441699156335636;mlir
[8, 32, 8, 4];0.0006086611028877087;0.8203611211443295;tvm
[8, 32, 16, 1];0.0011411299055907875;0.4375679774191836;mlir
[8, 32, 16, 1];0.0006100120081100613;0.8185443862144673;tvm
[8, 32, 16, 4];0.0006150715053081512;0.8118111478953072;mlir
[8, 32, 16, 4];0.0006018644708092324;0.8296251547969681;tvm
[8, 32, 32, 1];0.0008752137509873137;0.5705142363207025;mlir
[8, 32, 32, 1];0.0014007336285430938;0.35647170496024333;tvm
[8, 32, 32, 4];0.0006450953223975375;0.7740280969735501;mlir
[8, 32, 32, 4];0.0006568464377778582;0.7601805780528151;tvm
[8, 32, 64, 1];0.0009619983757147565;0.5190465154277552;mlir
[8, 32, 64, 1];0.001670234982157126;0.29895308749732047;tvm
[8, 32, 64, 4];0.0007089159480528906;0.7043457071791697;mlir
[8, 32, 64, 4];0.0007746521587250754;0.6445756319632415;tvm
[8, 64, 1, 1];0.001980294706299901;0.25214525048893716;mlir
[8, 64, 1, 1];0.0006679848229396157;0.7475048648029573;tvm
[8, 64, 1, 4];0.0019299191480968148;0.2587268514612697;mlir
[8, 64, 1, 4];0.000666673993691802;0.7489746255089968;tvm
[8, 64, 2, 1];0.0010684503795346245;0.4673327974101989;mlir
[8, 64, 2, 1];0.0010363190958742052;0.4818225455362211;tvm
[8, 64, 2, 4];0.0009631673019612208;0.5184165863450466;mlir
[8, 64, 2, 4];0.0010115590848727152;0.4936161537462091;tvm
[8, 64, 4, 1];0.0010117149213328958;0.4935401210689541;mlir
[8, 64, 4, 1];0.0009177304600598291;0.5440833953897016;tvm
[8, 64, 4, 4];0.0007362686374108307;0.6781789680976021;mlir
[8, 64, 4, 4];0.000721518874343019;0.6920427483155777;tvm
[8, 64, 8, 1];0.001397748157614842;0.35723309813833853;mlir
[8, 64, 8, 1];0.001071478909580037;0.46601188347945416;tvm
[8, 64, 8, 4];0.0009636494505684823;0.5181572038123838;mlir
[8, 64, 8, 4];0.0006680111109744757;0.7474754484749634;tvm
[8, 64, 16, 1];0.0013911126152379438;0.3589370833766021;mlir
[8, 64, 16, 1];0.0010768633510451764;0.4636817700939265;tvm
[8, 64, 16, 4];0.0011318728647893295;0.441146634304058;mlir
[8, 64, 16, 4];0.0006734928319929168;0.7413915650510683;tvm
[8, 64, 32, 1];0.0013629789755214006;0.36634600659991234;mlir
[8, 64, 32, 1];0.001085258976672776;0.4600947013520615;tvm
[8, 64, 32, 4];0.0011703099444275722;0.4266578329436785;mlir
[8, 64, 32, 4];0.0008596047264290974;0.580873847490519;tvm
[8, 128, 1, 1];0.002040583349298686;0.2446956675077807;mlir
[8, 128, 1, 1];0.0012770795729011297;0.39098730835354284;tvm
[8, 128, 1, 4];0.0020446826238185167;0.24420509028897774;mlir
[8, 128, 1, 4];0.0012763445411110297;0.3912124733398837;tvm
[8, 128, 2, 1];0.0019106271211057901;0.26133927402481255;mlir
[8, 128, 2, 1];0.0010053748701466247;0.49665246226920634;tvm
[8, 128, 2, 4];0.0019311458163429052;0.2585625075725728;mlir
[8, 128, 2, 4];0.0012375823134789243;0.4034656113970136;tvm
[8, 128, 4, 1];0.001530833644210361;0.32617646381783466;mlir
[8, 128, 4, 1];0.0009061638411367312;0.5510282821873953;tvm
[8, 128, 4, 4];0.0012573617132147774;0.39711874436295375;mlir
[8, 128, 4, 4];0.0013259086263133213;0.37658847288011504;tvm
[8, 128, 8, 1];0.0024017636897042394;0.20789801548852327;mlir
[8, 128, 8, 1];0.0011995383247267455;0.41626173542696115;tvm
[8, 128, 8, 4];0.0013585030537797138;0.367553023434625;mlir
[8, 128, 8, 4];0.0012734078336507082;0.39211467965483493;tvm
[8, 128, 16, 1];0.002521840069675818;0.19799903680097067;mlir
[8, 128, 16, 1];0.001345713812042959;0.3710461320181241;tvm
[8, 128, 16, 4];0.0015252957964548841;0.327360703361562;mlir
[8, 128, 16, 4];0.0012754841009154916;0.3914763848514548;tvm
[8, 256, 1, 1];0.0015909019857645035;0.31386088472443324;mlir
[8, 256, 1, 1];0.0013833097618771717;0.3609617444500049;tvm
[8, 256, 1, 4];0.0014373022568179294;0.3474021573356205;mlir
[8, 256, 1, 4];0.00137786049162969;0.3623893041387104;tvm
[8, 256, 2, 1];0.0013795241102343425;0.36195228561614917;mlir
[8, 256, 2, 1];0.0013572189345723018;0.3679007800751433;tvm
[8, 256, 2, 4];0.0014147288748063147;0.35294529832104055;mlir
[8, 256, 2, 4];0.001378711749566719;0.36216555412603413;tvm
[8, 256, 4, 1];0.0014072329504415393;0.354825336206941;mlir
[8, 256, 4, 1];0.001447888877009973;0.34486203512596325;tvm
[8, 256, 4, 4];0.0014123764995019883;0.3535331442699368;mlir
[8, 256, 4, 4];0.0014430120645556599;0.3460275329823099;tvm
[8, 256, 8, 1];0.0015168053650995716;0.32919312935653183;mlir
[8, 256, 8, 1];0.0014251124812290072;0.35037368021034593;tvm
[8, 256, 8, 4];0.0014965639857109636;0.33364554374512423;mlir
[8, 256, 8, 4];0.0013917118485551327;0.3587825348187543;tvm
[16, 16, 1, 1];0.0007812752883182839;0.6391113506696323;mlir
[16, 16, 1, 1];0.0007707238255534321;0.6478609953485708;tvm
[16, 16, 1, 4];0.000781289032602217;0.6391001075476864;mlir
[16, 16, 1, 4];0.0007707224940531887;0.647862114593279;tvm
[16, 16, 2, 1];0.0007904243975644931;0.6317136797655131;mlir
[16, 16, 2, 1];0.0008110985363600776;0.6156118922402256;tvm
[16, 16, 2, 4];0.0007609407111885957;0.6561902884417365;mlir
[16, 16, 2, 4];0.0007694111336604692;0.6489663106204138;tvm
[16, 16, 4, 1];0.0008616764680482447;0.5794772438115927;mlir
[16, 16, 4, 1];0.0008493985078530386;0.5878535223990486;tvm
[16, 16, 4, 4];0.0007578880104119889;0.658833360472971;mlir
[16, 16, 4, 4];0.0007672296414966695;0.6508115403203857;tvm
[16, 16, 8, 1];0.0009465174516662955;0.5275358672815531;mlir
[16, 16, 8, 1];0.0008564184536226094;0.5830349669017486;tvm
[16, 16, 8, 4];0.0007060770512907766;0.7071776427928035;mlir
[16, 16, 8, 4];0.0007563353792647831;0.6601858361396297;tvm
[16, 16, 16, 1];0.001171395109849982;0.42626258259337607;mlir
[16, 16, 16, 1];0.001345404700259678;0.37113138126062;tvm
[16, 16, 16, 4];0.0009038364078151062;0.5524472132838101;mlir
[16, 16, 16, 4];0.0008487722952850163;0.5882872326720247;tvm
[16, 16, 32, 1];0.0011630903463810682;0.42930620679256315;mlir
[16, 16, 32, 1];0.0018536861462052912;0.2693670154379015;tvm
[16, 16, 32, 4];0.0009479796863161027;0.5267221565709863;mlir
[16, 16, 32, 4];0.000818842148873955;0.609790184162547;tvm
[16, 16, 64, 1];0.0012420262501109391;0.40202202225380085;mlir
[16, 16, 64, 1];0.002491995081072673;0.20037034123958739;tvm
[16, 16, 64, 4];0.0009274694020859897;0.538370218617315;mlir
[16, 16, 64, 4];0.0008052549965213984;0.620079238153024;tvm
[16, 32, 1, 1];0.0018574208952486515;0.2688253944160895;mlir
[16, 32, 1, 1];0.0006684320760541596;0.7470047034688493;tvm
[16, 32, 1, 4];0.0011154139938298613;0.44765612366709145;mlir
[16, 32, 1, 4];0.0006684247709927149;0.7470128673124037;tvm
[16, 32, 2, 1];0.0013041877100476995;0.3828604585942943;mlir
[16, 32, 2, 1];0.001021316391415894;0.48890031429895464;tvm
[16, 32, 2, 4];0.0011600327561609447;0.43043776316660154;mlir
[16, 32, 2, 4];0.0012092758697690442;0.4129098390570455;tvm
[16, 32, 4, 1];0.0012218793417559937;0.4086507461893223;mlir
[16, 32, 4, 1];0.0007740089058643207;0.6451113171680134;tvm
[16, 32, 4, 4];0.0010264023003401235;0.4864777725034738;mlir
[16, 32, 4, 4];0.000650568945275154;0.7675157389363548;tvm
[16, 32, 8, 1];0.001320835217484273;0.37803497222987253;mlir
[16, 32, 8, 1];0.0008800010837148875;0.5674105566484514;tvm
[16, 32, 8, 4];0.0011814391618827358;0.4226386942906038;mlir
[16, 32, 8, 4];0.0006436416879296303;0.775776203011412;tvm
[16, 32, 16, 1];0.001233198694535531;0.40489979998719355;mlir
[16, 32, 16, 1];0.0009967342484742403;0.5009579088169651;tvm
[16, 32, 16, 4];0.0009612291614757851;0.5194618773272449;mlir
[16, 32, 16, 4];0.0009167469543172047;0.5446670996947036;tvm
[16, 32, 32, 1];0.0014657826395705342;0.3406520798392067;mlir
[16, 32, 32, 1];0.0014494856732198969;0.3444821249269114;tvm
[16, 32, 32, 4];0.0012795406219083816;0.3902352893003013;mlir
[16, 32, 32, 4];0.0010051697754533961;0.4967537991646023;tvm
[16, 64, 1, 1];0.002651445072842762;0.1883206670491401;mlir
[16, 64, 1, 1];0.0012568214297061786;0.3972894581202653;tvm
[16, 64, 1, 4];0.0012316349020693451;0.40541389653944;mlir
[16, 64, 1, 4];0.0012580054171849042;0.39691554419476194;tvm
[16, 64, 2, 1];0.0018655338499229401;0.26765630909486327;mlir
[16, 64, 2, 1];0.0013385327765718102;0.3730367410507089;tvm
[16, 64, 2, 4];0.0012586116063175723;0.3967243764919772;mlir
[16, 64, 2, 4];0.0012252083542989567;0.4075404016059034;tvm
[16, 64, 4, 1];0.001986388786463067;0.25137168925071796;mlir
[16, 64, 4, 1];0.0013749041099799797;0.3631685301814797;tvm
[16, 64, 4, 4];0.0012921307497890666;0.3864329556768279;mlir
[16, 64, 4, 4];0.0013427669036900625;0.3718604497844834;tvm
[16, 64, 8, 1];0.0022482253261841834;0.22209602344858487;mlir
[16, 64, 8, 1];0.00136078595824074;0.36693640299422353;tvm
[16, 64, 8, 4];0.001278905721846968;0.3904290177393177;mlir
[16, 64, 8, 4];0.0012773880880558863;0.3908928769813761;tvm
[16, 64, 16, 1];0.0018636297027114779;0.26792978456794236;mlir
[16, 64, 16, 1];0.0008937132661230862;0.5587048147197761;tvm
[16, 64, 16, 4];0.0021932304080110043;0.22766504738311083;mlir
[16, 64, 16, 4];0.0014602395676774904;0.341945195716122;tvm
[16, 128, 1, 1];0.00244539586128667;0.20418857849018418;mlir
[16, 128, 1, 1];0.0015421228454215452;0.3237886697835756;tvm
[16, 128, 1, 4];0.002394311421085149;0.208545095832021;mlir
[16, 128, 1, 4];0.0015393074427265674;0.3243808812341337;tvm
[16, 128, 2, 1];0.0015684922691434622;0.31834514876798176;mlir
[16, 128, 2, 1];0.0010779231815831736;0.4632258710945782;tvm
[16, 128, 2, 4];0.0014461356913670897;0.3452801197997374;mlir
[16, 128, 2, 4];0.0015547504153801128;0.3211588817230373;tvm
[16, 128, 4, 1];0.001393044731230475;0.3584392471883184;mlir
[16, 128, 4, 1];0.0008822455565677956;0.5659670383656217;tvm
[16, 128, 4, 4];0.0014121116837486625;0.3535994429536762;mlir
[16, 128, 4, 4];0.0015730866289231926;0.3174153893251893;tvm
[16, 128, 8, 1];0.001926055789226666;0.2592458160115852;mlir
[16, 128, 8, 1];0.0012920054869027808;0.38647042123550757;tvm
[16, 128, 8, 4];0.0015279752697097138;0.32678664024239507;mlir
[16, 128, 8, 4];0.001565215177834034;0.3190116680652645;tvm
[16, 256, 1, 1];0.0028453937848098576;0.17548428882762593;mlir
[16, 256, 1, 1];0.00160475485608913;0.31115151505369354;tvm
[16, 256, 1, 4];0.0016710207855794579;0.2988125037527618;mlir
[16, 256, 1, 4];0.0016085953102447093;0.3104086537999075;tvm
[16, 256, 2, 1];0.0025459932803642005;0.19612066874366516;mlir
[16, 256, 2, 1];0.00159440390416421;0.31317152664879505;tvm
[16, 256, 2, 4];0.0016330552462022752;0.30575934642939645;mlir
[16, 256, 2, 4];0.001553538371808827;0.3214094442871924;tvm
[16, 256, 4, 1];0.0025958197948057204;0.19235615113231527;mlir
[16, 256, 4, 1];0.001634884742088616;0.30541719052561805;tvm
[16, 256, 4, 4];0.0016052931314334273;0.31104718196610065;mlir
[16, 256, 4, 4];0.001594491011928767;0.3131544179467671;tvm
[32, 16, 1, 1];0.0031362822046503425;0.15920821921622105;mlir
[32, 16, 1, 1];0.0012410748458933085;0.4023302111183309;tvm
[32, 16, 1, 4];0.001595405105035752;0.3129749949939613;mlir
[32, 16, 1, 4];0.0012408813781803474;0.4023929390367032;tvm
[32, 16, 2, 1];0.0025286581367254257;0.19746516838710318;mlir
[32, 16, 2, 1];0.001519047247711569;0.32870729038489666;tvm
[32, 16, 2, 4];0.001951625308720395;0.25584926703440364;mlir
[32, 16, 2, 4];0.0019418757583480328;0.2571338061229424;tvm
[32, 16, 4, 1];0.001511047303210944;0.3304475668636291;mlir
[32, 16, 4, 1];0.0014522040146403015;0.34383729815371883;tvm
[32, 16, 4, 4];0.0012820172996725887;0.3894814094079896;mlir
[32, 16, 4, 4];0.001240361700183712;0.4025615307921467;tvm
[32, 16, 8, 1];0.0020225814660079777;0.246873568829556;mlir
[32, 16, 8, 1];0.0013914642622694373;0.3588463737814764;tvm
[32, 16, 8, 4];0.0019065028754994273;0.2619046166563491;mlir
[32, 16, 8, 4];0.0017868785071186721;0.27943808310004103;tvm
[32, 16, 16, 1];0.0019561880617402494;0.2552525058954208;mlir
[32, 16, 16, 1];0.0014023528638062999;0.356060102738075;tvm
[32, 16, 16, 4];0.0018908086931332946;0.2640784901059816;mlir
[32, 16, 16, 4];0.0015112044347915798;0.3304132076814409;tvm
[32, 16, 32, 1];0.0018594559223856777;0.26853118632749085;mlir
[32, 16, 32, 1];0.0018543823098298162;0.2692658909196181;tvm
[32, 16, 32, 4];0.0019192042818758637;0.26017131655930803;mlir
[32, 16, 32, 4];0.0014346944517455995;0.34803362078551114;tvm
[32, 32, 1, 1];0.002818453125655651;0.1771616849741819;mlir
[32, 32, 1, 1];0.0014990763884270564;0.333086364788809;tvm
[32, 32, 1, 4];0.0016183075204025954;0.30854574823806397;mlir
[32, 32, 1, 4];0.0015165395161602646;0.3292508368170589;tvm
[32, 32, 2, 1];0.0016857616428751498;0.2961995884010545;mlir
[32, 32, 2, 1];0.0018530233355704695;0.26946336572074747;tvm
[32, 32, 2, 4];0.001828108768677339;0.273135774696366;mlir
[32, 32, 2, 4];0.0017525958828628063;0.284904186780514;tvm
[32, 32, 4, 1];0.001192566953250207;0.41869507066337797;mlir
[32, 32, 4, 1];0.001709756936179474;0.2920426255896123;tvm
[32, 32, 4, 4];0.0019175327906850725;0.26039810489160564;mlir
[32, 32, 4, 4];0.0017163080628961325;0.2909279024881693;tvm
[32, 32, 8, 1];0.002120151271810755;0.23551239546008879;mlir
[32, 32, 8, 1];0.0009723108232719824;0.5135414445779861;tvm
[32, 32, 8, 4];0.0029697860591113567;0.1681339648120363;mlir
[32, 32, 8, 4];0.0021891394862905145;0.2280904930402599;tvm
[32, 32, 16, 1];0.0020916909561492503;0.2387168636427743;mlir
[32, 32, 16, 1];0.0010321920999558643;0.48374900833212675;tvm
[32, 32, 16, 4];0.0020003587706014514;0.24961617490835045;mlir
[32, 32, 16, 4];0.0020454977347981185;0.24410777693243724;tvm
[32, 64, 1, 1];0.0031845715129747987;0.1567940624751347;mlir
[32, 64, 1, 1];0.001631553575862199;0.30604076516337303;tvm
[32, 64, 1, 4];0.0016248271858785301;0.30730769961355964;mlir
[32, 64, 1, 4];0.0016189803136512637;0.3084175271012351;tvm
[32, 64, 2, 1];0.002778244292130694;0.17972570165129875;mlir
[32, 64, 2, 1];0.0016864438657648861;0.2960797657711764;tvm
[32, 64, 2, 4];0.0016042657662183046;0.31124637530534843;mlir
[32, 64, 2, 4];0.0016610624152235687;0.3006039388921452;tvm
[32, 64, 4, 1];0.002616114798001945;0.19086391206657344;mlir
[32, 64, 4, 1];0.0016938083281274885;0.2947924487500348;tvm
[32, 64, 4, 4];0.001692439487669617;0.29503087608138934;mlir
[32, 64, 4, 4];0.0016979437205009162;0.2940744729834733;tvm
[32, 64, 8, 1];0.001899958762805909;0.2628067064068765;mlir
[32, 64, 8, 1];0.0009130835242103785;0.5468523870187135;tvm
[32, 64, 8, 4];0.002910655632149428;0.1715496327517011;mlir
[32, 64, 8, 4];0.002347180328797549;0.2127326557042617;tvm
[32, 128, 1, 1];0.0025965224485844374;0.1923040969794516;mlir
[32, 128, 1, 1];0.0016674106009304523;0.2994594759582745;tvm
[32, 128, 1, 4];0.001690900739049539;0.29529935922943373;mlir
[32, 128, 1, 4];0.001683217502431944;0.2966472865452475;tvm
[32, 128, 2, 1];0.0015160420298343524;0.3293588798566899;mlir
[32, 128, 2, 1];0.0016374325787182897;0.3049419629556608;tvm
[32, 128, 2, 4];0.0015980361786205322;0.31245969987546396;mlir
[32, 128, 2, 4];0.0016641249821987003;0.3000507234151266;tvm
[32, 128, 4, 1];0.0013330463116290048;0.3745720613050008;mlir
[32, 128, 4, 1];0.001778818405000493;0.28070426040018764;tvm
[32, 128, 4, 4];0.0016534843016415834;0.3019816422001568;mlir
[32, 128, 4, 4];0.0016332764935214072;0.30571792757841476;tvm
[32, 256, 1, 1];0.0028236141079105437;0.17683787007687102;mlir
[32, 256, 1, 1];0.0016468421090394258;0.30319962188309024;tvm
[32, 256, 1, 4];0.001665938354562968;0.2997241184790981;mlir
[32, 256, 1, 4];0.0016831897082738578;0.2966521850195773;tvm
[32, 256, 2, 1];0.0027540114242583513;0.18130712907132218;mlir
[32, 256, 2, 1];0.0016695506637915969;0.2990756229151684;tvm
[32, 256, 2, 4];0.0018196400778833777;0.2744069614814819;mlir
[32, 256, 2, 4];0.0018633303989190608;0.2679728217022419;tvm
[64, 16, 1, 1];0.004282467823941261;0.11659676739902894;mlir
[64, 16, 1, 1];0.002697201387491077;0.18512592610905165;tvm
[64, 16, 1, 4];0.003645114484243095;0.13698387442159818;mlir
[64, 16, 1, 4];0.0027046582545153797;0.18461552542850676;tvm
[64, 16, 2, 1];0.003654813044704497;0.1366203684441201;mlir
[64, 16, 2, 1];0.005042084492743015;0.09903084834864828;tvm
[64, 16, 2, 4];0.004431516397744417;0.11267517931696089;mlir
[64, 16, 2, 4];0.006954575655981898;0.07179760915138204;tvm
[64, 16, 4, 1];0.0033948285272344947;0.14708310029686944;mlir
[64, 16, 4, 1];0.0021103968610987067;0.2366009512077978;tvm
[64, 16, 4, 4];0.00482191116316244;0.10355269681792013;mlir
[64, 16, 4, 4];0.004834652005229145;0.10327980260458036;tvm
[64, 16, 8, 1];0.0036939174169674516;0.13517408442006446;mlir
[64, 16, 8, 1];0.0014008160505909473;0.35645073066607225;tvm
[64, 16, 8, 4];0.004926132911350578;0.10136184178291034;mlir
[64, 16, 8, 4];0.0067706548143178225;0.07374794882556925;tvm
[64, 16, 16, 1];0.003252196591347456;0.15353373965471898;mlir
[64, 16, 16, 1];0.0014036446518730372;0.355732417101155;tvm
[64, 16, 16, 4];0.0053342177998274565;0.09360733353970963;mlir
[64, 16, 16, 4];0.008652145508676767;0.057710761366780286;tvm
[64, 32, 1, 1];0.003497355617582798;0.14277127045690932;mlir
[64, 32, 1, 1];0.0018947846838273108;0.2635243513544321;tvm
[64, 32, 1, 4];0.0025107756082434207;0.19887157702286207;mlir
[64, 32, 1, 4];0.0018899219576269388;0.26420239351516567;tvm
[64, 32, 2, 1];0.002104731887811795;0.237237772494163;mlir
[64, 32, 2, 1];0.0033176960423588753;0.15050260734762425;tvm
[64, 32, 2, 4];0.002965703228255734;0.16836543184922076;mlir
[64, 32, 2, 4];0.0061715892516076565;0.08090653548141345;tvm
[64, 32, 4, 1];0.0012591780541697517;0.39654590795035444;mlir
[64, 32, 4, 1];0.0013391572429100052;0.3728627891948463;tvm
[64, 32, 4, 4];0.0032353895949199796;0.15433130697641823;mlir
[64, 32, 4, 4];0.0035499188816174865;0.14065727173303563;tvm
[64, 32, 8, 1];0.002079918311210349;0.24006803636020618;mlir
[64, 32, 8, 1];0.0009612620924599469;0.5194440815658297;tvm
[64, 32, 8, 4];0.0034252178738825023;0.14577814409099787;mlir
[64, 32, 8, 4];0.0051365154213272035;0.0972102415362528;tvm
[64, 64, 1, 1];0.0031445561326108873;0.15878931197431792;mlir
[64, 64, 1, 1];0.0017407267587259412;0.28684680249723077;tvm
[64, 64, 1, 4];0.0021236432367004454;0.23512513596102563;mlir
[64, 64, 1, 4];0.0017617925768718123;0.2834169648100608;tvm
[64, 64, 2, 1];0.0027352192264515907;0.1825527913569388;mlir
[64, 64, 2, 1];0.0019471720152068883;0.2564344089080653;tvm
[64, 64, 2, 4];0.002414322516415268;0.20681657126044897;mlir
[64, 64, 2, 4];0.005399821966420859;0.09247006806279359;tvm
[64, 64, 4, 1];0.0034152878797613084;0.14620199594910926;mlir
[64, 64, 4, 1];0.0010414826829219237;0.4794337082600702;tvm
[64, 64, 4, 4];0.0024852976494003087;0.2009103033925892;mlir
[64, 64, 4, 4];0.0032725099590606987;0.15258071358329006;tvm
[64, 128, 1, 1];0.0027201404445804656;0.18356475150271753;mlir
[64, 128, 1, 1];0.0017171284416690469;0.2907889081824097;tvm
[64, 128, 1, 4];0.0019129436986986548;0.26102279178503035;mlir
[64, 128, 1, 4];0.0017009272414725274;0.2935586500041187;tvm
[64, 128, 2, 1];0.002173138957004994;0.22976989260275696;mlir
[64, 128, 2, 1];0.0019080281490460038;0.261695250676234;tvm
[64, 128, 2, 4];0.0021461222204379737;0.23266238055165597;mlir
[64, 128, 2, 4];0.00520995951956138;0.09583988184306316;tvm
[64, 256, 1, 1];0.003980097477324307;0.12545469240556967;mlir
[64, 256, 1, 1];0.0035597835667431355;0.14026748969425043;tvm
[64, 256, 1, 4];0.0036654779105447233;0.1362228655983637;mlir
[64, 256, 1, 4];0.003553912858478725;0.1404991975452214;tvm
[128, 16, 1, 1];0.004802064329851419;0.10398067798840886;mlir
[128, 16, 1, 1];0.010407030582427979;0.04797928677225162;tvm
[128, 16, 1, 4];0.004160153155680746;0.12002488516079604;mlir
[128, 16, 1, 4];0.010408521513454616;0.047972414152812615;tvm
[128, 16, 2, 1];0.004053402110002935;0.1231858797156306;mlir
[128, 16, 2, 1];0.005210220173466951;0.09583508722044068;tvm
[128, 16, 2, 4];0.004864075977820903;0.10265503808713121;mlir
[128, 16, 2, 4];0.01034335745498538;0.048274644566328635;tvm
[128, 16, 4, 1];0.003868131374474615;0.1290860770802348;mlir
[128, 16, 4, 1];0.0020887676801066846;0.23905095311336957;tvm
[128, 16, 4, 4];0.005516020115464926;0.09052213268076864;mlir
[128, 16, 4, 4];0.010380340041592717;0.04810265393630504;tvm
[128, 16, 8, 1];0.004377484670840204;0.11406594021631745;mlir
[128, 16, 8, 1];0.0018281136872246861;0.2731350398234479;tvm
[128, 16, 8, 4];0.0060320194461382926;0.08277856350107946;mlir
[128, 16, 8, 4];0.010499386582523584;0.04755724544832314;tvm
[128, 32, 1, 1];0.0036351391463540494;0.13735977762026297;mlir
[128, 32, 1, 1];0.0066565138986334205;0.07501252342677679;tvm
[128, 32, 1, 4];0.0028543382068164647;0.17493438709171558;mlir
[128, 32, 1, 4];0.0066837797639891505;0.07470651673057062;tvm
[128, 32, 2, 1];0.004032034252304584;0.12383870610139487;mlir
[128, 32, 2, 1];0.002909313974669203;0.17162874447701335;tvm
[128, 32, 2, 4];0.0034855063422583044;0.14325663353645993;mlir
[128, 32, 2, 4];0.0065009830286726356;0.07680713863728635;tvm
[128, 32, 4, 1];0.00595704757142812;0.08382036550401413;mlir
[128, 32, 4, 1];0.0013969706778880209;0.3574319151185002;tvm
[128, 32, 4, 4];0.0039548714412376285;0.12625490162725697;mlir
[128, 32, 4, 4];0.00649454549420625;0.07688327154030213;tvm
[128, 64, 1, 1];0.0029791102278977633;0.16760773068617066;mlir
[128, 64, 1, 1];0.0039063277072273195;0.12782386481248895;tvm
[128, 64, 1, 4];0.0023926097492221743;0.20869341727134225;mlir
[128, 64, 1, 4];0.00392249267315492;0.12729709049023988;tvm
[128, 64, 2, 1];0.0029518315277528018;0.16915664056953592;mlir
[128, 64, 2, 1];0.0019220106187276542;0.2597914391817717;tvm
[128, 64, 2, 4];0.002958925935672596;0.16875106562895548;mlir
[128, 64, 2, 4];0.003938922309316695;0.12676612168279214;tvm
[128, 128, 1, 1];0.003943134215660393;0.1266307149218553;mlir
[128, 128, 1, 1];0.0036765275872312486;0.13581345248056154;tvm
[128, 128, 1, 4];0.003867846797220409;0.12909557460257673;mlir
[128, 128, 1, 4];0.003636159817688167;0.13732122068258498;tvm
[256, 16, 1, 1];0.004377407545689493;0.11406794993388163;mlir
[256, 16, 1, 1];0.010297205299139023;0.04849101190627465;tvm
[256, 16, 1, 4];0.004381701932288706;0.11395615504614952;mlir
[256, 16, 1, 4];0.010314227896742523;0.04841098235958141;tvm
[256, 16, 2, 1];0.004383134073577821;0.11391892111443519;mlir
[256, 16, 2, 1];0.004943418374750763;0.10100741367800567;tvm
[256, 16, 2, 4];0.005400420690421015;0.09245981625979176;mlir
[256, 16, 2, 4];0.010348860989324749;0.04824897206339661;tvm
[256, 16, 4, 1];0.004272215825039893;0.1168765636406588;mlir
[256, 16, 4, 1];0.0022191970492713153;0.225001157479846;tvm
[256, 16, 4, 4];0.009557489422149956;0.052244044717925764;mlir
[256, 16, 4, 4];0.010503512225113809;0.047538565582665795;tvm
[256, 32, 1, 1];0.003517908917274326;0.14193713268414554;mlir
[256, 32, 1, 1];0.006409052177332342;0.07790885312619486;tvm
[256, 32, 1, 4];0.0033525688340887427;0.14893710747556502;mlir
[256, 32, 1, 4];0.0061240658396855;0.08153437892946418;tvm
[256, 32, 2, 1];0.0036406852887012064;0.13715052666363123;mlir
[256, 32, 2, 1];0.002493982552550733;0.20021066476636767;tvm
[256, 32, 2, 4];0.005066079611424357;0.09856179591728083;mlir
[256, 32, 2, 4];0.006453870912082493;0.07736781716955457;tvm
[256, 64, 1, 1];0.00418720964808017;0.11924932036561464;mlir
[256, 64, 1, 1];0.004027731891255826;0.12397098869612665;tvm
[256, 64, 1, 4];0.004311042197514325;0.1158239427695246;mlir
[256, 64, 1, 4];0.0039030475891195238;0.12793128788740832;tvm
